LocationId,LocationName,LocationLatitude,LocationLongitude
0,bld-18-3,47.644075,-122.129375
1,bld-25-2,47.644892,-122.131306
2,bld-44-5,47.640611,-122.13306
3,bld-42-5,47.638998,-122.133103
4,bld-122-4,47.646569,-122.138592